email,password
perfteacher1@perf.schoolos.ai,PerfTest@123
perfteacher2@perf.schoolos.ai,PerfTest@123
perfteacher3@perf.schoolos.ai,PerfTest@123
perfteacher4@perf.schoolos.ai,PerfTest@123
perfteacher5@perf.schoolos.ai,PerfTest@123
perfteacher6@perf.schoolos.ai,PerfTest@123
perfteacher7@perf.schoolos.ai,PerfTest@123
perfteacher8@perf.schoolos.ai,PerfTest@123
perfteacher9@perf.schoolos.ai,PerfTest@123
perfteacher10@perf.schoolos.ai,PerfTest@123
perfteacher11@perf.schoolos.ai,PerfTest@123
perfteacher12@perf.schoolos.ai,PerfTest@123
perfteacher13@perf.schoolos.ai,PerfTest@123
perfteacher14@perf.schoolos.ai,PerfTest@123
perfteacher15@perf.schoolos.ai,PerfTest@123
perfteacher16@perf.schoolos.ai,PerfTest@123
perfteacher17@perf.schoolos.ai,PerfTest@123
perfteacher18@perf.schoolos.ai,PerfTest@123
perfteacher19@perf.schoolos.ai,PerfTest@123
perfteacher20@perf.schoolos.ai,PerfTest@123
